Res. #,Status,Unit,Guest,Booked Date,Check-In,Checkout,Nights,Income
29764605,Checked Out,Legendary Times at Story Lake,Katie Dwyer,Mar/01/2021,Mar/22/2021,Mar/28/2021,6,$1147.5
29725722,Checked Out,Legendary Times at Story Lake,April Mial,Mar/01/2021,Mar/28/2021,Apr/04/2021,7,$1352.83
30353982,Checked Out,Legendary Times at Story Lake,Asil Abuhadba,Mar/01/2021,Apr/04/2021,Apr/10/2021,6,$1225.31
30573076,Checked Out,Legendary Times at Story Lake,Brett Barnett,Mar/01/2021,Apr/10/2021,Apr/17/2021,7,$1394.65
30627570,Checked Out,Legendary Times at Story Lake,Ricardo Flores,Mar/01/2021,Apr/17/2021,May/04/2021,17,$3195.46
30905584,Checked Out,Legendary Times at Story Lake,Martin Olano,Mar/01/2021,May/06/2021,Jun/08/2021,33,$4308.81
31677686,Checked Out,Legendary Times at Story Lake,Daniel Lopez,Mar/01/2021,Jun/09/2021,Jun/16/2021,7,$1160.0
30502479,Checked Out,Legendary Times at Story Lake,April Weldon,Mar/01/2021,Jun/17/2021,Jun/23/2021,6,$1099.35
30247918,Checked Out,Legendary Times at Story Lake,Jorge Elizondo,Mar/01/2021,Jun/26/2021,Jul/26/2021,30,$3652.86
31704950,Checked Out,Legendary Times at Story Lake,Robert Villalta,Mar/01/2021,Jul/30/2021,Aug/07/2021,8,$1376.99
35512077,Checked Out,Legendary Times at Story Lake,Sarat Mikkilineni,Mar/01/2021,Nov/20/2021,Nov/25/2021,5,$840.2
35587706,Checked Out,Legendary Times at Story Lake,Amairany Diaz,Mar/01/2021,Dec/20/2021,Dec/24/2021,4,$654.92
30054645,Checked Out,Legendary Times at Story Lake,Brian Leibrandt,Mar/01/2021,Dec/26/2021,Jan/02/2022,7,$1228.74
35383346,Checked Out,Legendary Times at Story Lake,Jane Costa,Mar/01/2021,Feb/02/2022,Feb/28/2022,26,$4845.83
35437583,Checked Out,Legendary Times at Story Lake,Beth Hammell,Mar/01/2021,Mar/05/2022,Apr/03/2022,29,$3929.19
36131706,Checked Out,Legendary Times at Story Lake,Tamara Morris,Mar/01/2021,Apr/05/2022,Apr/08/2022,3,$744.2
35901766,Checked Out,Legendary Times at Story Lake,Suhang Gu,Mar/01/2021,Apr/13/2022,Apr/17/2022,4,$621.05
36051771,Checked Out,Legendary Times at Story Lake,Erica Shonk,Mar/01/2021,Apr/20/2022,Apr/25/2022,5,$897.5
36292264,Checked Out,Legendary Times at Story Lake,Elena Amelenko,Mar/01/2021,Apr/27/2022,May/27/2022,30,$3923.9
36278294,Checked Out,Legendary Times at Story Lake,Peter Quinones,Mar/01/2021,Jun/01/2022,Jun/08/2022,7,$1209.6
36204474,Checked Out,Legendary Times at Story Lake,Christin Prather,Mar/01/2021,Jun/13/2022,Jun/19/2022,6,$1086.65
35761071,Checked Out,Legendary Times at Story Lake,Joan Dahl Hansen,Mar/01/2021,Jun/24/2022,Jul/05/2022,11,$1847.81
36066025,Checked Out,Legendary Times at Story Lake,Laetitia Filippi,Mar/01/2021,Jul/07/2022,Jul/16/2022,9,$1568.98
36667491,Checked Out,Legendary Times at Story Lake,Diego Mallo,Mar/01/2021,Jul/21/2022,Jul/27/2022,6,$1268.81
